{"cameraMode":{"drawMode":0,"name":"Shaded","section":"Shading Mode"},"sceneLighting":true,"audioPlay":false,"sceneViewState":{"m_AlwaysRefresh":false,"showFog":true,"showSkybox":true,"showFlares":true,"showImageEffects":true,"showParticleSystems":true,"showVisualEffectGraphs":true,"m_FxEnabled":true},"in2DMode":false,"pivot":{"x":24.260915756225587,"y":3.016815185546875,"z":-3.5390336513519289},"rotation":{"x":-0.10974050313234329,"y":0.19751527905464173,"z":-0.02225649543106556,"w":-0.9738879799842835},"size":7.533997058868408,"orthographic":false}