{"cameraMode":{"drawMode":0,"name":"Shaded","section":"Shading Mode"},"sceneLighting":true,"audioPlay":false,"sceneViewState":{"m_AlwaysRefresh":false,"showFog":true,"showSkybox":true,"showFlares":true,"showImageEffects":true,"showParticleSystems":true,"showVisualEffectGraphs":true,"m_FxEnabled":true},"in2DMode":false,"pivot":{"x":-5.131011962890625,"y":5.2184367179870609,"z":1.939544916152954},"rotation":{"x":-0.16446106135845185,"y":-0.8263243436813355,"z":0.30708569288253786,"w":-0.4425508379936218},"size":0.36457422375679018,"orthographic":false}