{"cameraMode":{"drawMode":0,"name":"Shaded","section":"Shading Mode"},"sceneLighting":true,"audioPlay":false,"sceneViewState":{"m_AlwaysRefresh":false,"showFog":true,"showSkybox":true,"showFlares":true,"showImageEffects":true,"showParticleSystems":true,"showVisualEffectGraphs":true,"m_FxEnabled":true},"in2DMode":false,"pivot":{"x":-4.941247940063477,"y":-0.5971441268920898,"z":12.537092208862305},"rotation":{"x":-0.17194287478923798,"y":0.6883825063705444,"z":-0.17328901588916779,"w":-0.6830347180366516},"size":16.958812713623048,"orthographic":false}