{"cameraMode":{"drawMode":0,"name":"Shaded","section":"Shading Mode"},"sceneLighting":true,"audioPlay":false,"sceneViewState":{"m_AlwaysRefresh":false,"showFog":true,"showSkybox":true,"showFlares":true,"showImageEffects":true,"showParticleSystems":true,"showVisualEffectGraphs":true,"m_FxEnabled":true},"in2DMode":false,"pivot":{"x":-13.74764633178711,"y":1.4412351846694947,"z":1.448086142539978},"rotation":{"x":-0.34605222940444949,"y":0.015477292239665985,"z":-0.005709248129278421,"w":-0.9380728006362915},"size":9.249110221862793,"orthographic":false}